ID,Predicted_Label
368,
347,
534,
1084,
402,
1068,
1227,
1333,
1323,
1185,
684,
1013,
911,
1228,
35,
238,
835,
539,
282,
287,
523,
810,
917,
1058,
945,
772,
36,
215,
1318,
1102,
881,
507,
627,
310,
944,
1303,
1020,
861,
455,
13,
373,
388,
381,
900,
1146,
1328,
1110,
397,
854,
844,
1225,
592,
1097,
1270,
552,
837,
988,
323,
1233,
1092,
477,
1054,
1030,
474,
1045,
568,
1109,
657,
653,
754,
599,
252,
1086,
783,
415,
640,
675,
1251,
873,
786,
453,
1219,
631,
1203,
1121,
8,
530,
1281,
149,
1128,
83,
1330,
1132,
859,
1331,
791,
760,
1147,
602,
972,
1342,
102,
1302,
1189,
67,
1296,
1300,
1016,
329,
442,
943,
574,
2,
517,
192,
990,
1335,
226,
937,
211,
1218,
1324,
977,
332,
874,
1286,
356,
1269,
1101,
1096,
1129,
1125,
1087,
1099,
588,
110,
407,
896,
768,
761,
422,
796,
701,
968,
314,
408,
833,
1292,
309,
1337,
271,
1034,
595,
174,
155,
1019,
572,
863,
121,
860,
460,
3,
983,
337,
964,
451,
1231,
712,
157,
180,
679,
325,
445,
446,
876,
97,
649,
305,
1179,
856,
1193,
608,
165,
581,
111,
367,
475,
114,
1057,
556,
656,
504,
319,
495,
514,
1317,
585,
885,
951,
942,
1291,
1220,
147,
696,
966,
725,
486,
318,
159,
1236,
659,
348,
664,
1156,
927,
212,
350,
609,
466,
811,
982,
257,
766,
361,
794,
1173,
423,
692,
21,
946,
374,
978,
721,
606,
1140,
1197,
1226,
624,
377,
923,
561,
815,
1076,
717,
750,
258,
222,
880,
307,
331,
1214,
158,
132,
11,
118,
454,
220,
90,
1247,
759,
711,
1122,
963,
116,
491,
537,
1208,
669,
1183,
